frame,timestamp_s,gt_x,gt_y,visible
0,0.0333,339.979,242.1,1
1,0.0667,339.916,244.199,1
2,0.1,339.811,246.296,1
3,0.1333,339.664,248.391,1
4,0.1667,339.475,250.483,1
5,0.2,339.245,252.57,1
6,0.2333,338.973,254.652,1
7,0.2667,338.659,256.728,1
8,0.3,338.304,258.798,1
9,0.3333,337.907,260.86,1
10,0.3667,337.469,262.914,1
11,0.4,336.99,264.959,1
12,0.4333,336.471,266.993,1
13,0.4667,335.911,269.017,1
14,0.5,335.31,271.03,1
15,0.5333,334.67,273.029,1
16,0.5667,333.989,275.016,1
17,0.6,333.269,276.989,1
18,0.6333,332.51,278.947,1
19,0.6667,331.711,280.889,1
20,0.7,330.874,282.815,1
21,0.7333,329.999,284.724,1
22,0.7667,329.086,286.615,1
23,0.8,328.134,288.487,1
24,0.8333,327.146,290.34,1
25,0.8667,326.121,292.172,1
26,0.9,325.059,293.984,1
27,0.9333,323.962,295.775,1
28,0.9667,322.829,297.543,1
29,1.0,321.66,299.287,1
30,1.0333,320.457,301.009,1
31,1.0667,319.22,302.706,1
32,1.1,317.949,304.377,1
33,1.1333,316.645,306.023,1
34,1.1667,315.308,307.643,1
35,1.2,313.94,309.235,1
36,1.2333,312.539,310.8,1
37,1.2667,311.108,312.337,1
38,1.3,309.646,313.844,1
39,1.3333,308.154,315.322,1
40,1.3667,306.633,316.77,1
41,1.4,305.084,318.188,1
42,1.4333,303.506,319.573,1
43,1.4667,301.901,320.928,1
44,1.5,300.269,322.249,1
45,1.5333,298.611,323.538,1
46,1.5667,296.928,324.794,1
47,1.6,295.22,326.015,1
48,1.6333,293.487,327.202,1
49,1.6667,291.732,328.354,1
50,1.7,289.953,329.471,1
51,1.7333,288.153,330.552,1
52,1.7667,286.332,331.597,1
53,1.8,284.489,332.606,1
54,1.8333,282.628,333.577,1
55,1.8667,280.747,334.511,1
56,1.9,278.847,335.407,1
57,1.9333,276.931,336.264,1
58,1.9667,274.997,337.084,1
59,2.0,273.048,337.864,1
60,2.0333,271.083,338.605,1
61,2.0667,269.104,339.307,1
62,2.1,267.111,339.969,1
63,2.1333,265.105,340.592,1
64,2.1667,263.087,341.174,1
65,2.2,261.058,341.715,1
66,2.2333,259.019,342.216,1
67,2.2667,256.97,342.676,1
68,2.3,254.912,343.095,1
69,2.3333,252.847,343.472,1
70,2.3667,250.774,343.808,1
71,2.4,248.694,344.103,1
72,2.4333,246.61,344.356,1
73,2.4667,244.521,344.567,1
74,2.5,242.427,344.737,1
75,2.5333,240.331,344.865,1
76,2.5667,238.233,344.95,1
77,2.6,236.134,344.994,1
78,2.6333,234.034,344.996,1
79,2.6667,231.934,344.955,1
80,2.7,229.836,344.873,1
81,2.7333,227.739,344.749,1
82,2.7667,225.646,344.583,1
83,2.8,223.556,344.375,1
84,2.8333,221.471,344.125,1
85,2.8667,219.392,343.833,1
86,2.9,217.318,343.501,1
87,2.9333,215.252,343.126,1
88,2.9667,213.193,342.711,1
89,3.0,211.144,342.254,1
90,3.0333,209.104,341.756,1
91,3.0667,207.074,341.218,1
92,3.1,205.055,340.639,1
93,3.1333,203.048,340.021,1
94,3.1667,201.055,339.362,1
95,3.2,199.074,338.663,1
96,3.2333,197.108,337.925,1
97,3.2667,195.158,337.147,1
98,3.3,193.223,336.331,1
99,3.3333,191.305,335.476,1
100,3.3667,189.404,334.583,1
101,3.4,187.522,333.653,1
102,3.4333,185.658,332.684,1
103,3.4667,183.814,331.679,1
104,3.5,181.991,330.637,1
105,3.5333,180.189,329.559,1
106,3.5667,178.409,328.445,1
107,3.6,176.652,327.295,1
108,3.6333,174.917,326.111,1
109,3.6667,173.207,324.892,1
110,3.7,171.522,323.639,1
111,3.7333,169.862,322.353,1
112,3.7667,168.228,321.034,1
113,3.8,166.621,319.682,1
114,3.8333,165.041,318.299,1
115,3.8667,163.489,316.884,1
116,3.9,161.966,315.439,1
117,3.9333,160.472,313.963,1
118,3.9667,159.008,312.458,1
119,4.0,157.574,310.924,1
